"Topic","Source","Bias","Headline","Byline","Date","URL"
"covid","USA TODAY","Center","Comparing the COVID-19 vaccines","The U.S. Food and Drug Administration has granted emergency use authorizations for three COVID-19 vaccines so far. We compare the different available shots, and several still in the approval process for use in the Untied States.","Mar 27 2021","https://www.usatoday.com/in-depth/graphics/2021/03/27/comparing-covid-19-vaccines/6806600002/"
"covid","Wall Street Journal (News)","Center","Vaccines Appear to Be Slowing Spread of Covid-19 Infections","Vaccines appear to be starting to curb new Covid-19 infections in the U.S., a breakthrough that could help people return to more normal activities as infection worries fade, public-health officials say.","May 03 2021","https://www.wsj.com/articles/vaccines-appear-to-be-slowing-spread-of-covid-19-infections-11619615436"
"covid","New York Times (News)","Lean Left","Millions Are Skipping Their Second Doses of Covid Vaccines","Millions of Americans are not getting the second doses of their Covid-19 vaccines, and their ranks are growing.","Apr 27 2021","https://www.nytimes.com/2021/04/25/business/covid-vaccines-second-doses.html"
"covid","CNN (Online News)","Left","Meet Gen C, the Covid generation","(CNN)Natalie Sanchez heard it in her children's voices when their birthday parties were canceled and saw it on their faces when they couldn't play with friends.","Mar 11 2021","https://www.cnn.com/2021/03/11/us/covid-generation-gen-c/index.html"
"covid","Wall Street Journal (Opinion)","Lean Right","Covid and the New Age of Censorship","Information has never been more plentiful or easier to distribute. Yet we are sliding into a new age of censorship and suppression, encouraged by technology giants and traditional media companies. As someone who’s been falsely characterized as a coronavirus “denier,” I have seen this crisis firsthand.","Dec 08 2020","https://www.wsj.com/articles/covid-and-the-new-age-of-censorship-11607381415"
"covid","CBS News (Online)","Lean Left","Moderna says its COVID-19 vaccine is 96% effective in teens","Moderna's COVID-19 vaccine is 96% effective in teenagers 12- to 17-years-old, the drugmaker said Thursday. The company announced results of the Phase 2 trial in reporting first-quarter earnings. Its  vaccine generated $1.7 billion in revenue in its fiscal first quarter.","May 06 2021","https://www.cbsnews.com/news/moderna-covid-19-vaccine-teens-effective/"
"covid","CBS News (Online)","Lean Left","Moderna says its COVID-19 vaccine is 96% effective in teens","Moderna's COVID-19 vaccine is 96% effective in teenagers 12- to 17-years-old, the drugmaker said Thursday. The company announced results of the Phase 2 trial in reporting first-quarter earnings. Its  vaccine generated $1.7 billion in revenue in its fiscal first quarter.","May 06 2021","https://www.cbsnews.com/news/moderna-covid-19-vaccine-teens-effective/"
"covid","New York Times (News)","Lean Left","Pfizer Reaps Hundreds of Millions in Profits From Covid Vaccine","Last year, racing to develop a vaccine in record time, Pfizer made a big decision: Unlike several rival manufacturers, which vowed to forgo profits on their shots during the Covid-19 pandemic, Pfizer planned to profit on its vaccine.","May 04 2021","https://www.nytimes.com/2021/05/04/business/pfizer-covid-vaccine-profits.html"
"covid","BBC News","Center","Facebook freezes Maduro's page over Covid claim","Facebook has frozen Venezuelan President Nicolás Maduro's page after he claimed without evidence that a herbal remedy could cure Covid-19.","Mar 27 2021","https://www.bbc.com/news/world-latin-america-56551350"
"covid","New York Times (News)","Lean Left","UK Begins Distribution of Pfizer COVID-19 Vaccine","The United Kingdom has begun distributing the world’s first fully tested, clinically authorized COVID-19 coronavirus vaccine. The first recipient was a 90-year-old woman named Margaret Keenan, followed by an 81-year-old man named William Shakespeare. The vaccine, developed by American pharmaceutical company Pfizer and German biotechnology company BioNTech, was approved by British authorities","Dec 08 2020","https://www.nytimes.com/2020/12/07/world/pfizers-vaccine-debuts-in-britain-as-the-worlds-first-fully-tested-vaccine.html"
"covid","NBC News (Online)","Lean Left","Pro-Trump web forums are abuzz with directions to forge Covid vaccine cards","Specific directions showing how to forge Covid-19 vaccination cards have proliferated on conspiracy, pro-Trump and anti-vaccination forums throughout the internet in recent weeks, as users have exploited a largely makeshift verification system.","May 01 2021","https://www.nbcnews.com/tech/tech-news/covid-vaccination-card-fraud-prompts-cdc-action-rcna802"
"covid","Breitbart News","Right","Trump: COVID-19 Vaccine Developments Getting 'Political'","President Donald Trump said he might consider rejecting the Food and Drug Administration's (FDA) new strict vaccine guidelines in a press conference Wednesday. In response to a question about the FDA's new guidelines at the press briefing, Trump said, ""That sounds like a political move."" The president has previously promised a vaccine before the end of the year, contradicting Centers for","Sep 24 2020","https://www.breitbart.com/2020-election/2020/09/23/trump-fda-coronavirus-vaccine-standard-political-move/"
"covid","New York Times (News)","Lean Left","Russia Announces World’s First COVID-19 Vaccine","On Tuesday, Russian President Vladimir Putin announced that Russia had granted regulatory approval for the world’s first coronavirus vaccine, developed by the Moscow-based Gamaleya Institute. Putin claimed that the vaccine, named “Sputnik V,” was safe and effective, and that it had already been given to his daughter. The vaccine has garnered scientific skepticism since it was hinted at last","Aug 11 2020","https://www.nytimes.com/2020/08/11/world/europe/russia-coronavirus-vaccine-approval.html"
"covid","BBC News","Center","Covid-19 paused climate emissions – but they're rising again","The planet had already warmed by around 1.2C since pre-industrial times when the World Health Organization officially declared a pandemic on 11 March 2020. This began a sudden and unprecedented drop in human activity, as much of the world went into lockdown and factories stopped operating, cars kept their engines off and planes were grounded.","Apr 27 2021","https://www.bbc.com/future/article/20210312-covid-19-paused-climate-emissions-but-theyre-rising-again"
"covid","NBC News (Online)","Lean Left","U.S. to share 60 million doses of AstraZeneca Covid vaccine with other countries","The U.S. plans to ship its stockpile of millions of AstraZeneca vaccine doses overseas, a move aimed at helping other countries struggling with a lack of dose to vaccinate their populations.","Apr 26 2021","https://www.nbcnews.com/politics/white-house/u-s-share-60-million-astrazeneca-covid-vaccine-doses-other-n1265398"
"covid","Wall Street Journal (Opinion)","Lean Right","The Second Wave Covid Scare","Stocks sold off Thursday amid investor worries that a “second wave” of coronavirus infections could cause countries and states that are reopening to lock down again. But headlines about a coronavirus resurgence in the U.S. are overblown so far, and the bigger threat is keeping the economy in a coma.","Jun 13 2020","https://www.wsj.com/articles/the-second-wave-covid-scare-11591919250?mod=e2two"
"covid","Wall Street Journal (News)","Center","U.S. Unemployment Claims Hit New Covid-19 Pandemic Low","Worker filings for jobless benefits declined to 547,000 last week, a new pandemic low that adds to evidence of a strengthening labor market and overall economic recovery.","Apr 22 2021","https://www.wsj.com/articles/weekly-jobless-claims-coronavirus-04-22-2021-11619041467?mod=hp_lead_pos1"
"covid","Wall Street Journal (News)","Center","House Set to Approve Covid-19 Relief Bill","The House was set to pass a $1.9 trillion coronavirus relief package Wednesday and send it to President Biden for his signature, as Democrats prepared to push through new payments to households and other aid measures without any Republican support.","Mar 10 2021","https://www.wsj.com/articles/house-set-to-approve-covid-19-relief-bill-11615372203?mod=politics_lead_pos1"
"covid","Fox News (Online News)","Lean Right","CDC issues guidelines for COVID-19 vaccinated population","The Centers for Disease Control and Prevention (CDC) Monday released highly anticipated guidance on practices considered safe for those who are fully vaccinated against the novel coronavirus, relating to gatherings, quarantine and testing. Of note, the federal health agency said that those who are fully vaccinated can spend time with unvaccinated people indoors, with no mask, so long as those","Mar 08 2021","https://www.foxnews.com/health/cdc-guidelines-covid-19-vaccinated-population"
"covid","BBC News","Center","Covid-19: US to advise against travel to 80% of countries","The US state department is to advise Americans to avoid 80% of countries worldwide because of the coronavirus pandemic.","Apr 20 2021","https://www.bbc.com/news/world-us-canada-56813852"
"covid","NPR (Online News)","Center","Supreme Court Rules For Worshippers And Against California COVID Restrictions","For the fifth time, the U.S. Supreme Court has sided with religious adherents and against California's COVID-19 restrictions. This time, the court barred the state from enforcing a rule that for now limits both religious and non-religious gatherings in homes to no more than three households.","Apr 11 2021","https://www.npr.org/2021/04/10/986010977/supreme-court-rules-for-worshippers-and-against-california-covid-restrictions"
"covid","Fox News (Online News)","Lean Right","Mother's Day amid COVID – I know how hard this year's been, give yourself a pat on the back","This Mother’s Day, I would like to take a moment to congratulate all the moms who made this past year possible. Of course, I know it wasn’t just mothers. Fathers, guardians, caregivers and more made this possible, but Sunday is Mother’s Day so I would like to focus on the moms.","May 09 2021","https://www.foxnews.com/opinion/mothers-day-covid-struggle-loss-survival-leslie-marshall"
"covid","CNN (Online News)","Left","Covid-19 vaccinations are climbing. But familiar mistakes could lead to more misery","For more than a year, the US has battled a ruthless enemy: a novel virus that took no mercy on American communities, crippled hospital systems and took the lives of more than half a million people.","Apr 09 2021","https://www.cnn.com/2021/04/09/us/us-covid-vaccines-mistakes-progress-analysis/index.html"
"covid","Fox News (Online News)","Lean Right","'Breakthrough' COVID-19 reported in 4 fully vaccinated individuals","Health officials in Oregon said they are investigating four so-called ""breakthrough"" cases of coronavirus that were detected in individuals two weeks after they received their second dose of vaccine. The illnesses range from asymptomatic to mild, according to a news release posted Friday.","Feb 15 2021","https://www.foxnews.com/health/breakthrough-covid-19-fully-vaccinated-individuals-oregon"
"covid","BBC News","Center","Trump Covid: President leaves hospital to continue Covid-19 treatment","US President Donald Trump has left hospital, three days after being admitted with Covid-19, vowing to be back on the campaign trail soon.","Oct 05 2020","https://www.bbc.com/news/election-us-2020-54427390"
"covid","USA TODAY","Center","After losing their moms to COVID-19, some would rather Mother's Day not 'exist at all'","They all cry, naked in their grief.","May 08 2021","https://www.usatoday.com/story/life/health-wellness/2021/05/07/pandemic-mothers-day-hurts-those-grieving-moms-lost-covid-19/4949197001/"
"covid","NPR (Online News)","Center","New Study Estimates More Than 900,000 People Have Died Of COVID-19 In U.S.","A new study estimates that the number of people who have died of COVID-19 in the U.S. is more than 900,000, a number 57% higher than official figures.","May 06 2021","https://www.npr.org/sections/coronavirus-live-updates/2021/05/06/994287048/new-study-estimates-more-than-900-000-people-have-died-of-covid-19-in-u-s"
"covid","CNN (Online News)","Left","'I wish I had a concrete answer.' Oregon confronts perplexing vaccine hesitancy as Covid-19 cases rise","This mountainous frontier city on the Columbia River plateau romanticizes the pioneer personality of the Old West and celebrates its rugged past with one of the world's oldest rodeos.","May 05 2021","https://www.cnn.com/2021/05/05/us/oregon-pendleton-covid-vaccine-hesitancy/index.html"
"covid","Fox News (Online News)","Lean Right","Biden's new COVID-19 vaccine goal aims for 160M fully inoculated by July 4","President Joe Biden announced a new vaccination goal on Tuesday while providing an update on the pandemic, aiming for 160 million U.S. adults to be fully inoculated against coronavirus by July 4. According to federal data, over 105 million Americans, or nearly 32% of the population, are now fully vaccinated. Biden is also aiming for 70% of the U.S. adult population to have one vaccine shot by","May 04 2021","https://www.foxnews.com/health/bidens-covid-19-vaccine-goal-160m-fully-inoculated-july-4"
"covid","CBS News (Online)","Lean Left","COVID is killing 120 people an hour in India, and it could stay ""really grim"" for months","A month after the second wave of coronavirus infections started sweeping over India, the country is mired in grief, and it could be weeks, even months before the situation improves. On Tuesday, yet another grim milestone was crossed: 20 million cases of COVID-19 registered since the start of the pandemic. About seven million of those were confirmed over the last month alone.","May 04 2021","https://www.cbsnews.com/news/india-covid-crisis-deaths-vaccine-oxygen/"
"covid","Fox News (Online News)","Lean Right","COVID-19 vaccinations might become mandatory at colleges and universities","As college campuses target the fall semester for a return to ""normal"" learning, a new item will likely be added to the back-to-school checklist.","Mar 31 2021","https://www.foxnews.com/us/covid-19-vaccinations-might-become-mandatory-at-colleges-and-universities"
"covid","NPR (Online News)","Center","Pfizer Says COVID-19 Vaccine Shows '100% Efficacy' In Adolescents","New clinical trials showed that Pfizer's COVID-19 vaccine elicits ""100% efficacy and robust antibody responses"" in adolescents from 12-15 years old, the drug company announced Wednesday. The trial included 2,260 trial participants; the results are even better than earlier responses from participants ages 16-25.","Mar 31 2021","https://www.npr.org/sections/coronavirus-live-updates/2021/03/31/982983455/pfizer-says-covid-19-vaccine-shows-100-efficacy-in-adolescents"
"covid","Wall Street Journal (News)","Center","Covid-19 Is Dividing the American Worker","For many professionals, technology has been a lifeline during the pandemic, enabling them to be productive while stuck at home. For many other workers, it is a new dividing line, corralling them further into the stagnant corners of the economy.","Aug 22 2020","https://www.wsj.com/articles/covid-19-is-dividing-the-american-worker-11598068859?mod=e2tw"
"covid","Wall Street Journal (Opinion)","Lean Right","Untangling the Media Myths of Covid-19","Has there been in recent history a more tendentious, hysterical, data-denying and frankly disreputable exercise in misdirection than the way in which much of America’s media has covered the Covid-19 epidemic?","Aug 11 2020","https://www.wsj.com/articles/untangling-the-media-myths-of-covid-19-11597099357?mod=hp_opin_pos_3"
"covid","BBC News","Center","Covid vaccine: WHO warns of 'catastrophic moral failure'","The world is on the brink of ""catastrophic moral failure"" because of the unequal distribution of Covid vaccines, the head of the World Health Organization (WHO) has warned.","Jan 18 2021","https://www.bbc.com/news/world-55709428"
"covid","CNN (Online News)","Left","Pfizer and Moderna vaccines reduce Covid-19 hospitalization risk by 94% among older adults, CDC study says","The Pfizer/BioNTech and Moderna Covid-19 vaccines were found in the real world to be 94% effective against Covid-19 hospitalization among fully vaccinated adults ages 65 and older in the United States, according to a new US Centers for Disease Control and Prevention study.\nThe study also found that the vaccines were 64% effective among those older adults who were partially vaccinated, meaning","Apr 28 2021","https://www.cnn.com/2021/04/28/health/covid-19-vaccines-reduce-hospitalization-cdc-study/index.html"
"covid","Fox News (Online News)","Lean Right","Biden moves to extend key parts of COVID-19 relief bills with American Families Plan","President Biden is expected to announce the American Families Plan during his first joint address to Congress on Wednesday that has been framed as a complement to earlier massive investments during the COVID-19 era, but critics will likely seize on the plan as an attempt to extend major parts of the earlier relief packages.","Apr 28 2021","https://www.foxbusiness.com/politics/biden-announces-american-families-plan-with-focus-on-education"
"covid","BBC News","Center","Covid-19 paused climate emissions – but they're rising again","The planet had already warmed by around 1.2C since pre-industrial times when the World Health Organization officially declared a pandemic on 11 March 2020. This began a sudden and unprecedented drop in human activity, as much of the world went into lockdown and factories stopped operating, cars kept their engines off and planes were grounded.","Mar 20 2021","https://www.bbc.com/future/article/20210312-covid-19-paused-climate-emissions-but-theyre-rising-again"
"covid","ABC News (Online)","Lean Left","1 in 4 New Yorkers has received at least 1 COVID-19 vaccine dose","About 1 in 4 New Yorkers has received at least one dose of COVID-19 vaccine, according to state data.","Mar 20 2021","https://abcnews.go.com/US/yorkers-received-covid-19-vaccine-dose/story?id=76578929"
"covid","NPR (Online News)","Center","Doctors Encouraged By Antibody Treatments For COVID-19","Many doses of the monoclonal antibody drugs that treat mild to moderate COVID-19 are sitting unused around the country. There are logistical problems with providing these drugs and skepticism over whether they work. But two major health systems have had good success in deploying these medications, and they're reporting hopeful results.","Jan 06 2021","https://www.npr.org/sections/health-shots/2021/01/06/953946994/doctors-encouraged-by-antibody-treatments-for-covid-19"
"covid","New York Times (News)","Lean Left","U.S. Rushes to Expand Covid Vaccine Eligibility in a ‘Race Against Time’","Officials in at least 17 states have committed in recent days to opening coronavirus vaccine appointments to all adults in March or April, part of a fast-moving expansion as states race to meet President Biden’s goal of universal eligibility by May 1.","Mar 19 2021","https://www.nytimes.com/2021/03/19/us/vaccine-eligibility-states.html"
"covid","Fox News (Online News)","Lean Right","AstraZeneca tries to reassure public after recent COVID vaccine safety concerns","AstraZeneca issued a statement on Monday defending its COVID-19 vaccine after some countries raised concerns about blood clots in vaccine recipients and called for a temporary suspension.","Mar 16 2021","https://www.foxnews.com/health/astrazeneca-tries-to-calm-countries-after-recent-covid-vaccine-safety-concerns"
"climate+change","Breitbart News","Right","Sanders: Next Reconciliation Bill Will Deal with Climate Change","On Monday’s broadcast of CNN’s “AC360,” Senate Budget Committee Chairman Bernie Sanders (I-VT) said that the next piece of budget reconciliation legislation will deal with “structural problems,” such as “how we can create millions of good-paying jobs, rebuilding our crumbling infrastructure, and transforming our energy system to protect us from climate change.”","Mar 08 2021","https://www.breitbart.com/clips/2021/03/08/sanders-next-reconciliation-bill-will-deal-with-climate-change/"
"climate+change","BBC News","Center","Climate change: EU to cut CO2 emissions by 55% by 2030","The EU has adopted ambitious new targets to curb climate change, with a pledge to make them legally binding.","Apr 21 2021","https://www.bbc.com/news/world-europe-56828383"
"climate+change","New York Times (News)","Lean Left","Biden’s Big Bet: Tackling Climate Change Will Create Jobs, Not Kill Them","WASHINGTON — In 2017, as Donald J. Trump was announcing the United States’ withdrawal from the Paris climate accord, the largest global effort to attack planetary warming, he declared, “I was elected to represent the citizens of Pittsburgh, not Paris.”","Apr 01 2021","https://www.nytimes.com/2021/03/31/climate/biden-climate-jobs.html?action=click&module=Spotlight&pgtype=Homepage"
"climate+change","USA TODAY","Center","The new weather normal in the US: Hotter than it used to be, thanks to climate change","The United States' weather ""normals"" have gotten warmer: What’s considered “normal” weather is now about a degree (Fahrenheit) warmer than it was a little more than a decade ago, scientists announced Tuesday.","May 04 2021","https://www.usatoday.com/story/news/nation/2021/05/04/climate-change-us-new-normal-hotter-than-used/4941336001/"
"climate+change","Washington Post","Lean Left","Climate Change Activists Take Field at Harvard-Yale Football Game","The annual Thanksgiving week football game between Harvard and Yale Universities this past Saturday in New Haven, Conn. saw activists and protesters storm the field at halftime, calling on the schools to divest their endowments from fossil fuel companies. 42 people were charged with disorderly conduct in connection with the demonstration; the student groups behind the protest released a","Nov 25 2019","https://www.washingtonpost.com/sports/2019/11/23/climate-change-protesters-swarm-harvard-yale-football-game-with-chants-ok-boomer/"
"climate+change","Washington Post","Lean Left","The undeniable link between weather disasters and climate change","By many measures, 2020 has been disastrous. Hurricanes in the Atlantic are so numerous that there are not enough letters in the Latin alphabet to name them all. Fires in California torched more than 4 million acres, smashing the state’s record for land burned in a single season. In the first nine months of this year, at least 188 people have been killed in a record-tying 16 weather disasters","Oct 22 2020","https://www.washingtonpost.com/climate-solutions/2020/10/22/climate-curious-disasters-climate-change/?utm_campaign=wp_main&utm_source=twitter&utm_medium=social"
"climate+change","NBC News (Online)","Lean Left","A growing toxic threat — made worse by climate change","Hurricanes, floods and wildfires imperil hundreds of hazardous waste sites. But the Trump administration won't talk about the rising risks.","Sep 24 2020","https://www.nbcnews.com/specials/superfund-sites-climate-change/index.html"
"climate+change","Breitbart News","Right","Chuck Schumer: Combating Climate Change Will Be a ‘Whole of Senate Approach’","Senate Majority Leader Chuck Schumer (D-NY) plans to make combatting climate change a “whole of Senate approach” for however long Democrats retain the majority.","Feb 04 2021","https://www.breitbart.com/environment/2021/02/03/chuck-schumer-combating-climate-change-will-be-a-whole-of-senate-approach/"
"climate+change","New York Times (News)","Lean Left","Trying to Reclaim Leadership on Climate Change","At the end of his first year in office, President Obama flew to Copenhagen and made a big promise: that the United States would cut its greenhouse gas emissions substantially by 2020 — a bold and risky pledge that hinged on a balky Congress to make it possible. His efforts became bogged down within months, and Mr. Obama’s pledge to the rest of the world soon looked like a pipe dream.","Jun 02 2014","http://www.nytimes.com/2014/06/02/us/politics/obama-tries-to-reclaim-leadership-on-climate-change.html?ref=politics&_r=0"
"climate+change","New York Times (News)","Lean Left","Trying to Reclaim Leadership on Climate Change","At the end of his first year in office, President Obama flew to Copenhagen and made a big promise: that the United States would cut its greenhouse gas emissions substantially by 2020 — a bold and risky pledge that hinged on a balky Congress to make it possible. His efforts became bogged down within months, and Mr. Obama’s pledge to the rest of the world soon looked like a pipe dream.","Jun 02 2014","http://www.nytimes.com/2014/06/02/us/politics/obama-tries-to-reclaim-leadership-on-climate-change.html?hp&_r=0"
"climate+change","Washington Post","Lean Left","For Obama, a renewed focus on climate change","The president is making global warming a policy priority after years of approaching the issue cautiously.","May 05 2014","http://www.washingtonpost.com/politics/for-president-obama-a-renewed-focus-on-climate/2014/05/04/6b81412c-d144-11e3-9e25-188ebe1fa93b_story.html"
"climate+change","Washington Post","Lean Left","The public's interest in climate change is waning","Even as scientists describe climate change as urgent public intensity on the issue is waning.","Apr 02 2013","http://www.washingtonpost.com/blogs/the-fix/wp/2013/04/02/polls-suggest-publics-interest-in-climate-change-is-waning/"
"climate+change","Wall Street Journal (News)","Center","Minnesota Sues Exxon, Koch over Climate Change","The Minnesota attorney general sued Exxon Mobil Corp., Koch Industries and a top oil-and-gas trade group Wednesday, alleging they have for years deceived consumers about the effects of climate change.","Jun 24 2020","https://www.wsj.com/articles/minnesota-sues-exxon-koch-over-climate-change-11593033319"
"climate+change","CBS News (Online)","Lean Left","Climate change is responsible for billions of dollars in flood costs, study says","Over the past 40 years, damage from major weather and climate disasters has cost the United States nearly $2 trillion dollars. A closer look at the data reveals that recently the cost of such incidents has been escalating quickly, due in part to human-caused climate change.","Jan 11 2021","https://www.cbsnews.com/news/climate-change-flood-costs-study/"
"climate+change","BBC News","Center","Covid-19 paused climate emissions – but they're rising again","The planet had already warmed by around 1.2C since pre-industrial times when the World Health Organization officially declared a pandemic on 11 March 2020. This began a sudden and unprecedented drop in human activity, as much of the world went into lockdown and factories stopped operating, cars kept their engines off and planes were grounded.","Apr 27 2021","https://www.bbc.com/future/article/20210312-covid-19-paused-climate-emissions-but-theyre-rising-again"
"climate+change","CNN (Online News)","Left","Unlike Trump, Biden believes in climate change -- and his nominees prove it","President-elect Joe Biden will restore key features of the presidency that have been absent for the past four years, chief among them a belief that humans cause climate change. Biden made his commitment to science abundantly clear in announcing the nominations of his economic, health and environment teams.","Dec 19 2020","https://www.cnn.com/2020/12/18/opinions/biden-nominees-bold-climate-action-reid/index.html"
"climate+change","USA TODAY","Center","Want to stop climate change? Embrace the nuclear option.","Without nuclear, even if we achieved net-zero new emissions globally, we’d continue to add extra heat at the same rate we are adding it today.","Jan 22 2020","https://www.usatoday.com/story/opinion/2020/01/22/climate-change-solution-nuclear-energy-our-best-hope-column/2821183001/"
"climate+change","NPR (Online News)","Center","Mozambique Is Racing To Adapt To Climate Change. The Weather Is Winning","In early March, people who live along Mozambique's long coastline began to hear rumors about a cyclone.","Dec 27 2019","https://www.npr.org/sections/goatsandsoda/2019/12/27/788552728/mozambique-is-racing-to-adapt-to-climate-change-the-weather-is-winning"
"climate+change","Wall Street Journal (News)","Center","States Explored Litigation to Challenge U.S. Policy on Climate Change","Nearly two dozen Democratic-led states at odds with the Trump administration on climate-change policy joined forces last year to explore using the courts to secure federal mandates on greenhouse-gas emissions, according to records and interviews.","Nov 30 2020","https://www.wsj.com/articles/states-explored-litigation-to-challenge-u-s-policy-on-climate-change-11606559400"
"climate+change","NPR (Online News)","Center","A Rising Generation Asserts Itself On Climate Change","Spurred by what they see as a sluggish, ineffectual response to the existential threat of global warming, student activists from around the world are skipping school Friday, for what organizers call a Global Climate Strike.","Sep 20 2019","https://www.npr.org/2019/09/20/761916356/global-youth-climate-strike-expected-to-draw-large-crowds"
"climate+change","Wall Street Journal (News)","Center","Oil Lobby Backs Climate Action Plan","The oil industry’s top lobbying group will push Congress for legislation to price carbon emissions across the economy, in a sharp policy turnabout a decade after the industry helped kill a similar effort to address climate change.","Mar 25 2021","https://www.wsj.com/articles/oil-lobby-backs-climate-action-plan-11616688013?mod=hp_lead_pos11"
"climate+change","NPR (Online News)","Center","A Rising Generation Asserts Itself On Climate Change","Spurred by what they see as a sluggish, ineffectual response to the existential threat of global warming, student activists from around the world are skipping school Friday, for what organizers call a Global Climate Strike.","Sep 20 2019","https://www.npr.org/2019/09/20/761916356/global-youth-climate-strike-expected-to-draw-large-crowds"
"climate+change","Breitbart News","Right","Global Reset: U.S. Pledges to Stand with China and Declare Climate Emergency","The United States and China have agreed to cooperate and “curb climate change with urgency” in the lead-up to President Joe Biden hosting a virtual summit of world leaders to discuss the issue. The announcement of “strong pledges” by Washington and Beijing was made Sunday in a joint statement issued by the two countries.","Apr 18 2021","https://www.breitbart.com/politics/2021/04/18/global-reset-u-s-pledges-to-stand-with-china-and-declare-climate-emergency/"
"climate+change","Washington Post","Lean Left","Here’s how Biden could get the U.S. to lead on climate change again","President-elect Joe Biden has pledged to begin the process of rejoining the Paris agreement with the stroke of a pen. As important as this will be, a more significant demonstration of Biden’s determination to rejoin the international fight against climate change will come in the form of the target the United States then puts on the table as its contribution toward meeting the goals of the","Nov 17 2020","https://www.washingtonpost.com/opinions/2020/11/17/heres-how-biden-could-get-us-lead-climate-change-again/"
"climate+change","Wall Street Journal (News)","Center","Brazil’s Climate Overture to Biden: Pay Us Not to Raze Amazon","Brazil’s government, widely criticized by environmental groups as a negligent steward of the Amazon rainforest, has made an audacious offer to the Biden administration: Provide $1 billion and President Jair Bolsonaro’s administration will reduce deforestation by 40%.","Apr 21 2021","https://www.wsj.com/articles/brazils-climate-overture-to-biden-pay-us-not-to-raze-amazon-11618997400?mod=hp_lead_pos9"
"climate+change","BBC News","Center","Could wooden buildings be a solution to climate change?","I’m standing in a seemingly ordinary construction site of an unremarkable office block in east London. The seven-storey building is about two-thirds complete – the basic structure and staircases are in place, with plastering and wiring just beginning. But as I walk around, something different slowly reveals itself. The construction site is quiet and clean – it even smells good. And there’s an","Jul 25 2019","http://www.bbc.com/future/story/20190717-climate-change-wooden-architecture-concrete-global-warming"
"climate+change","Washington Post","Lean Left","How Biden aims to amp up the government’s fight against climate change","President-elect Joe Biden is poised to embed action on climate change across the breadth of the federal government, from the departments of Agriculture to Treasury to State — expanding it beyond environmental agencies to speed U.S. efforts to mitigate global warming and to acknowledge that the problem touches many aspects of American life.","Nov 11 2020","https://www.washingtonpost.com/climate-environment/2020/11/11/biden-climate-change/"
"climate+change","BBC News","Center","Joe Biden: How the president-elect plans to tackle climate change","Joe Biden's plan to tackle climate change has been described as the most ambitious of any mainstream US presidential candidate yet. Our environment correspondent Matt McGrath considers what we wants to do, and he might get it done.","Nov 09 2020","https://www.bbc.com/news/science-environment-54858638"
"climate+change","BBC News","Center","Jay Inslee: Washington governor to run on climate change","Washington State's Democratic Governor Jay Inslee has announced his 2020 bid for the presidential nomination, joining a lengthy list of contenders.","Mar 01 2019","https://www.bbc.com/news/world-us-canada-47418955"
"climate+change","Breitbart News","Right","Biden-Trudeau ‘Roadmap’ Commits to Fight ‘Systemic Racism,’ Climate Change; Excludes Keystone XL","U.S. President Joe Biden and Canadian Prime Minister Justin Trudeau released a “Roadmap for a Renewed U.S.-Canada Partnership” on Tuesday that commits to fight “systemic racism” and COVID-19, but ignores the Keystone XL pipeline.","Feb 24 2021","https://www.breitbart.com/national-security/2021/02/24/biden-trudeau-roadmap-commits-to-fight-systemic-racism-excludes-keystone-xl-pipeline/"
"climate+change","Wall Street Journal (News)","Center","Climate Change Emerging From the Political Shadows","Twin wildfires in California and a vocal new class of Congressional Democrats are putting focus on climate change.","Dec 11 2018","https://www.wsj.com/articles/climate-change-emerging-from-the-political-shadows-1544454831"
"climate+change","BBC News","Center","Why the US election could decide battle against climate change","Who occupies the White House for the next four years could play a critical role in the fight against dangerous climate change, experts say. Matt McGrath weighs the likely environmental consequences of the US election.","Oct 19 2020","https://www.bbc.com/news/science-environment-54395534"
"climate+change","BBC News","Center","Trump: Climate change scientists have 'political agenda'","US President Donald Trump has accused climate change scientists of having a ""political agenda"" as he cast doubt on whether humans were responsible for the earth's rising temperatures.","Oct 15 2018","https://www.bbc.com/news/world-us-canada-45859325"
"climate+change","New York Times (News)","Lean Left","Restoring Farmland Could Drastically Slow Extinctions, Fight Climate Change","The twin crises of climate change and biodiversity loss are intertwined: Storms and wildfires are worsening while as many as one million species are at risk of extinction.","Oct 14 2020","https://www.nytimes.com/2020/10/14/climate/biodiversity-farmland-extinction.html"
"climate+change","New York Times (News)","Lean Left","Actually, Republicans Do Believe in Climate Change","It is widely believed that most Republicans are skeptical about human-caused climate change. But is this belief correct?","Jul 29 2018","https://www.nytimes.com/2018/07/28/opinion/sunday/republicans-climate-change.html?rref=collection/sectioncollection/opinion&action=click&contentCollection=opinion®ion=rank&module=package&version=highlights&contentPlacement=4&pgtype=sectionfront"
"climate+change","USA TODAY","Center","Bill Gates discusses confronting climate change, says Joe Biden's energy and emissions goals are within reach","Bill Gates is an optimist when it comes to climate change.","Feb 15 2021","https://www.usatoday.com/story/news/politics/2021/02/15/bill-gates-talks-joe-bidens-goals-confronting-climate-change/4437292001/"
"climate+change","Wall Street Journal (News)","Center","Trump’s Beliefs on Climate Change Remain Private","Administration officials declined to say Friday if President Donald Trump believes climate change is real, a day after Mr. Trump said he would withdraw the U.S. from the Paris climate accord.","Jun 03 2017","https://www.wsj.com/articles/trumps-beliefs-on-climate-change-remain-private-1496435480"
"climate+change","New York Times (News)","Lean Left","Climate Change Conversations Are Targeted in Questionnaire to Energy Department","President-elect Donald J. Trump’s transition team has circulated an unusual 74-point questionnaire at the Department of Energy that requests the names of all employees and contractors who have attended climate change policy conferences, as well as emails and documents associated with the conferences.","Dec 10 2016","http://www.nytimes.com/2016/12/09/us/politics/climate-change-energy-department-donald-trump-transition.html?ref=politics&_r=0"
"climate+change","USA TODAY","Center","Wildfires, blackouts, anger: California shows us the future of climate change","The lightning struck just as I glanced outside my second-floor window Sunday morning, one of dozens of strikes in the Bay Area in the pre-dawn darkness as a violent heat storm bore down on Northern California. This one caught, and within minutes, a massive tree was in flames less than a mile from my house. Sirens blared.","Aug 22 2020","https://www.usatoday.com/story/opinion/voices/2020/08/21/california-forest-fires-storm-climate-change-david-callaway-column/3404346001/"
"climate+change","Breitbart News","Right","Why Conservatives Will Always Lose The War On Climate Change","Most people don’t realize this yet, but if a Democrat gets the keys to the White House next year it’s game over for the US economy.","Apr 09 2016","http://www.breitbart.com/big-government/2016/04/09/conservatives-will-always-lose-climate-change/"
"climate+change","CNN (Online News)","Left","OPINION: Climate change: What you can do","When it comes to climate change will we write a new chapter in the progress of humankind or will we write the obituary of Earth.","Nov 27 2015","http://www.cnn.com/2015/11/26/opinions/goldberg-climate-change/index.html"
"climate+change","Wall Street Journal (News)","Center","Republican Presidential Field Tilts Rightward on Climate Change","Shortly after a conservative website on Wednesday posted 2008 footage of Sen. Marco Rubio backing a cap-and-trade program to combat climate change, his campaign roared back with a counterattack that included an entire web page aimed at debunking the video.","Jan 16 2016","http://www.wsj.com/articles/republican-presidential-field-tilts-rightward-on-climate-change-1452903142"
"climate+change","NPR (Online News)","Center","Where Presidential Candidates Stand On Climate Change","The majority of Americans favor government action but the candidates - and big donors - differ greatly. Here is what they've said on the topic beginning with whether climate change is real.","Aug 11 2015","http://www.npr.org/sections/itsallpolitics/2015/08/11/429781692/where-presidential-candidates-stand-on-climate-change"
"climate+change","Wall Street Journal (News)","Center","California’s Climate-Change Push Heats Up","Democrats in California, which already has the toughest climate-change rules in the U.S., are pushing to strengthen them drastically, an effort that has spurred business groups to mount an intense opposition campaign.","Sep 05 2015","http://www.wsj.com/articles/californias-climate-change-push-heats-up-1441389723"
"climate+change","USA TODAY","Center","Why Biden's actions are good news from front lines of the climate change war","President Joe Biden, in his first weeks in office, already has advanced a sweeping agenda to tackle the climate crisis by addressing the health, economic, inequity and foreign policy aspects of the problem.","Feb 03 2021","https://www.usatoday.com/story/opinion/2021/02/02/michael-mann-biden-takes-good-first-steps-climate-change-war-column/4336625001/"
"climate+change","Wall Street Journal (News)","Center","Shrinking Glacier Is Backdrop to Obama’s Message on Climate Change","President Barack Obama hiked to a shrinking glacier Tuesday, traveling to this icy expanse to deliver a visual message to the country: This is what climate change looks like.","Sep 02 2015","http://www.wsj.com/articles/shrinking-glacier-is-backdrop-to-obamas-message-on-climate-change-1441154365"
"climate+change","New York Times (News)","Lean Left","Climate Change Intensifies California Drought, Scientists Say","Global warming caused by human emissions has most likely intensified the drought in California by roughly 15 to 20 percent, scientists said Thursday, warning that future dry spells in the state are almost certain to be worse than this one as the world continues to heat up.","Aug 20 2015","http://www.nytimes.com/2015/08/21/science/climate-change-intensifies-california-drought-scientists-say.html?hp&action=click&pgtype=Homepage&module=first-column-region®ion=top-news&WT.nav=top-news&_r=0"
"climate+change","Washington Post","Lean Left","The long history of linking climate change to American security","""We have a little bit of money devoted to a comprehensive, worldwide effort to deal with the threat of global warming,"" the president said. ""It is simply a matter of science and evidence. It is ... necessary to reverse it to stand up for America's values ​​and America's interests. ""","May 20 2015","http://www.washingtonpost.com/blogs/the-fix/wp/2015/05/20/the-long-history-of-linking-climate-change-to-american-security/"
"climate+change","Wall Street Journal (News)","Center","Obama Says Climate Change Endangers National Security","Mr. Obama used a commencement address at the United States Coast Guard Academy to detail the impact of climate change on U.S. military readiness and to call out those who dispute the urgent need to act.","May 20 2015","http://www.wsj.com/articles/obama-to-cast-climate-change-as-a-national-security-threat-1432126767"
"climate+change","CNN (Online News)","Left","Pope: 'Revolution' needed to fight climate change","Pope Francis has encouraged people to welcome with an open heart his encyclical on the environment, which is set to publish at 6 a.m. ET Thursday.","Jun 18 2015","http://www.cnn.com/2015/06/18/world/pope-francis-climate-technology-encyclical/index.html"
"blm","Breitbart News","Right","Leftist Journalist, BLM Activists Charged in Firebombing of Arkansas Cop Cars","A woman described as a “far-left” journalist and three other activists are charged in the August firebombings of multiple police cars. The alleged arson attacks took place during Black Lives Matter protests in Little Rock, Arkansas.","Dec 28 2020","https://www.breitbart.com/law-and-order/2020/12/27/leftist-journalist-blm-activists-charged-in-firebombing-of-arkansas-cop-cars/"
"blm","Fox News (Online News)","Lean Right","Biden, Harris have yet to say whether they will grant requested BLM meeting","President-elect Joe Biden and Vice President-elect Kamala Harris have yet to publicly say whether they will grant a meeting with Black Lives Matter co-founder Patrisse Cullors.","Nov 19 2020","https://www.foxnews.com/politics/biden-harris-have-yet-to-say-whether-they-will-grant-requested-blm-meeting"
"blm","Breitbart News","Right","Shakedown: BLM Demands Cut of Louisville Business Profits for Protection","Black Lives Matter (BLM) protesters issued “social justice” and “black liberation” demands regarding “diversity” to a restaurant owner in Louisville, KY, including a directive for “donations” to organizations run by non-whites.","Aug 04 2020","https://www.breitbart.com/crime/2020/08/02/blm-demands-cut-louisville-businesses-profits-protection/"
"blm","Fox News (Online News)","Lean Right","South Carolina Army sergeant leaves home amid 'violent' BLM protests; army officials say review continues","An Army officer involved in the investigation into the Fort Jackson sergeant seen in a viral video allegedly accosting and shoving a Black man in a local neighborhood told the public Thursday his team is focused on doing ""the right thing the right way.""","Apr 15 2021","https://www.foxnews.com/us/south-carolina-army-general-viral-video-investigation"
"blm","TheBlaze.com","Right","Black Republican challenging Rep. Ayanna Pressley flees home after BLM activist posts vulgar video attacking her 'blackness,' interracial marriage","Rayla Campbell, a black Republican challenging progressive U.S. Rep. Ayanna Pressley (D-Mass.), fled her home in fear for her life after a popular Boston Black Lives Matter activist trashed her on social media over her marriage to a white man and ""proximity to white supremacy.""","Jul 22 2020","https://www.theblaze.com/news/blm-racist-attack-black-republican"
"blm","TheBlaze.com","Right","Media outlets pounce on Trump rally, ignore BLM protests, after Tulsa official says both ‘likely contributed’ to COVID surge","During a news conference Wednesday, Dr. Bruce Dart, the director of the Tulsa Health Department, suggested that large gatherings in the county within the past few weeks — such as President Donald Trump's rally and protests — ""more than likely contributed"" to the recent spike in coronavirus cases in Tulsa County, Oklahoma.","Jul 09 2020","https://www.theblaze.com/news/media-trump-rally-coronavirus-surge"
"blm","NBC News (Online)","Lean Left","A Chauvin juror participated in the 2020 March on Washington. Is it grounds for appeal?","A juror in the trial of Derek Chauvin, the former Minneapolis police officer convicted of murdering George Floyd, participated in last summer's March on Washington, a move that is coming under scrutiny after Chauvin's attorney requested a new trial on several grounds, including juror misconduct.","May 05 2021","https://www.nbcnews.com/news/us-news/chauvin-juror-participated-2020-march-washington-it-grounds-appeal-n1266337"
"blm","NPR (Online News)","Center","Progressive Activist Cori Bush Ousts Longtime Missouri Rep. Lacy Clay","Cori Bush, a nurse and Black Lives Matter activist, has ousted longtime Missouri U.S. Rep. William Lacy Clay in a Democratic primary, according to The Associated Press.","Aug 05 2020","https://www.npr.org/2020/08/05/898991278/progressive-activist-cori-bush-projected-to-oust-longtime-missouri-rep-lacy-clay"
"blm","TheBlaze.com","Right","Black Lives Matter mural painted over to read 'All Lives Matter' — and activists are not happy","'If you were brave enough to come out here and cover this up, you should be brave enough to come be a man and just tell us what you did'","Jul 10 2020","https://www.theblaze.com/news/black-lives-matter-mural-painted-over-to-read-all-lives-matter-and-activists-are-not-happy"
"blm","Breitbart News","Right","Louisville: Protests Break Out, Gear Unloaded from U-Haul After No Murder Charges in Breonna Taylor Case","Protesters took to the streets of Louisville Wednesday after a Kentucky grand jury did not bring murder charges against any of the officers involved in the shooting death of Breonna Taylor. A pair of videos shared to social media shows protesters unloaded shields and signs from a U-Haul truck. It is unclear who rented the truck. One shield read “BLM” in red, while another one had the phrase, “","Sep 23 2020","https://www.breitbart.com/politics/2020/09/23/louisville-protests-break-out-gear-unloaded-from-u-haul-after-no-murder-charges-in-breonna-taylor-case/"
"blm","Breitbart News","Right","Doctors Without Borders Accused of ‘Institutional Racism’ by Employees","Médecins Sans Frontières (Doctors Without Borders/MSF) has been accused of reinforcing “colonialism and white supremacy” by 1,000 current and former employees in a letter to the NGO’s management.","Jul 15 2020","https://www.breitbart.com/europe/2020/07/15/doctors-without-borders-accused-institutional-racism-employees/"
"guns","Wall Street Journal (News)","Center","Trump Moves to Regulate Gun Bump Stocks","The Trump Administration will look into banning gun bump stocks after Florida school shooting.","Feb 21 2018","https://www.wsj.com/articles/trump-takes-step-to-ban-bump-stocks-1519168128"
"guns","BBC News","Center","Trump Open to Improving Gun Background Checks","The White House announced that President Trump is supportive of improving background checks for gun sales after the school shooting in Parkland, Florida. He reportedly spoke with Republican Senator John Cornyn about a bipartisan bill that would strengthen federal compliance with checks that are processed on individuals seeking to purchase a gun.","Feb 19 2018","http://www.bbc.com/news/world-43117780"
"guns","Washington Post","Lean Left","Gun Control Debate After Florida School Shooting","After a school shooting in Florida left 17 people dead, Democratic lawmakers are pushing for increased gun control measures, with some asking if their calls to action are coming too soon.","Feb 15 2018","https://www.washingtonpost.com/news/the-fix/wp/2018/02/15/mentally-disturbed-trump-is-already-pointing-away-from-gun-control/"
"guns","CBS News (Online)","Lean Left","Cory Booker Unveils Gun Control Plan","Democratic presidential hopeful Cory Booker unveiled a gun control plan which would require individuals to obtain a federal license in order to purchase a firearm.","May 06 2019","https://www.cbsnews.com/news/cory-booker-2020-booker-unveils-bold-plan-to-curb-gun-violence/"
"guns","TheBlaze.com","Right","NRA Sues Against New Florida Gun Law","On Friday, the National Rifle Association filed a lawsuit against the state of Florida in response to the state's newly passed gun law. The NRA is arguing against the law's provision to raise the minimum age of rifle purchase from 18 to 21, among other things.","Mar 10 2018","https://www.theblaze.com/news/2018/03/09/breaking-nra-sues-against-new-gun-law-in-response-to-florida-mass-murder-heres-why"
"guns","Washington Post","Lean Left","Florida Students Stage Walkout to Advocate for Gun Control","A group of students from a Florida high school marched several miles to the site of the recent mass shooting in Parkland, where 17 people were shot and killed.","Feb 20 2018","https://www.washingtonpost.com/news/answer-sheet/wp/2018/02/20/florida-students-chanting-we-want-change-walk-out-of-schools-to-protest-gun-violence/"
"guns","NBC News (Online)","Lean Left","Biden targets 'ghost guns' and 'red flag' laws in new gun control measures","President Joe Biden is trying to limit ""ghost guns"" and make it easier for people to flag family members who shouldn't be allowed to purchase firearms with a series of executive actions taken Thursday in the wake of recent mass shootings.","Apr 08 2021","https://www.nbcnews.com/politics/white-house/biden-target-ghost-guns-red-flag-laws-new-gun-control-n1263438"
"guns","TheBlaze.com","Right","Biden announces 6 executive actions on guns — including 'ghost gun' regulation, model 'red flag' legislation","President Joe Biden on Thursday unveiled six executive actions intended to address what his administration calls the current ""gun violence public health epidemic"" facing America. Included among the actions were forthcoming regulations on so-called ""ghost guns"" — makeshift weapons which can be assembled at home or that lack a serial number — and model ""red flag"" laws.","Apr 08 2021","https://www.theblaze.com/news/biden-6-executive-actions-on-guns"
"guns","CBS News (Online)","Lean Left","Supreme Court agrees to hear challenge to New York gun restrictions","The Supreme Court on Monday agreed to take up a legal dispute over a New York gun law that could expand the scope of the Second Amendment, leaving the high court, now with an expanded conservative majority, poised to address the politically charged issue of gun rights.","Apr 26 2021","https://www.cbsnews.com/news/supreme-court-new-york-gun-rights-self-defense-concealed-carry/"
"guns","Wall Street Journal (News)","Center","Supreme Court to Hear Case on Right to Carry Concealed Guns for Self-Defense","The Supreme Court agreed Monday to review a New York state law that limits carrying concealed firearms outside the home, the first major Second Amendment case it has heard since 2010 and one that could lead to a loosening of gun laws nationwide.","Apr 26 2021","https://www.wsj.com/articles/supreme-court-to-hear-major-gun-case-11619445425?mod=hp_lead_pos4"
"guns","CNN (Online News)","Left","Gun background checks soar to record in March following mass shootings and gun-control bills","The FBI conducted more background checks for firearms purchases in March -- a month in which several prominent mass shootings reignited America's conversation about gun control -- than they have in any month so far this year.","Apr 01 2021","https://www.cnn.com/2021/04/01/business/gun-sales-march/index.html"
"guns","Fox News (Online News)","Lean Right","Biden announces slate of gun control actions, claims 'public health crisis'","President Biden on Thursday announced a set of executive actions and legislative proposals on gun control, saying that gun violence is ""a public health crisis"" and the administration's actions do not contravene Second Amendment rights.","Apr 08 2021","https://www.foxnews.com/politics/biden-guns-remarks-executive-actions"
"guns","CNN (Online News)","Left","Opinion: Gun debate? What gun debate?","Mark O'Mara asks: Do those who won't admit Americas gun problem see school shootings like the one in Oregon as collateral damage for the right to bear arms?","Jun 12 2014","http://www.cnn.com/2014/06/11/opinion/omara-oregon-shooting/index.html?hpt=op_t1"
"guns","New York Times (News)","Lean Left","OPINION: Gun Smoke and Mirrors","As I watched President Trump blathering to a group of governors on Monday about throwing people who have not committed a crime into mental hospitals to prevent mass shootings at schools, I recalled a country where I once lived in which the government had that power — the Soviet Union.","Feb 28 2018","https://www.nytimes.com/2018/02/27/opinion/guns-age-limit-mental-hospitals.html?action=click&pgtype=Homepage&clickSource=story-heading&module=opinion-c-col-left-region®ion=opinion-c-col-left-region&WT.nav=opinion-c-col-left-region"
"guns","CBS News (Online)","Lean Left","""What are we doing?"": Senators debate gun control at Judiciary Committee hearing","A Senate hearing on gun violence on Tuesday highlighted the significant disagreements between Democrats and Republicans on the best ways to prevent mass shootings and reduce firearm deaths. While Democrats argued that recent massacres show the need for more stringent gun control measures, Republicans said that proposed legislation to expand background checks wouldn't necessarily prevent","Mar 23 2021","https://www.cbsnews.com/news/gun-violence-senate-judiciary-committee-watch-live-stream-today-2021-03-23/"
"guns","CNN (Online News)","Left","Pressure builds on Biden to act on guns in wake of Colorado mass shooting","President Joe Biden made no mention of gun control in the aftermath of last week's shootings in Atlanta -- including during remarks after visiting the city -- but he will face more pressure now to voice an opinion on the matter after another mass killing in Colorado.","Mar 23 2021","https://www.cnn.com/2021/03/23/politics/biden-gun-control-colorado-atlanta/index.html"
"guns","New York Times (News)","Lean Left","Presidential Candidates on Gun Violence","Democratic and Republican candidates are split in their approach to addressing gun violence. All of the Democratic candidates want new gun laws, while nearly all Republicans are against additional restrictions they see as harmful to Second Amendment rights.","Dec 05 2015","http://www.nytimes.com/interactive/2016/us/elections/presidential-candidates-on-gun-violence.html?ref=politics"
"guns","New York Times (News)","Lean Left","Statehouse Swagger in the Gun Debate","Republican legislators in Missouri seek to pronounce federal gun safety laws null and void in their state.","Aug 30 2013","http://www.nytimes.com/2013/08/30/opinion/statehouse-swagger-in-the-gun-debate.html?ref=politics"
"guns","Washington Post","Lean Left","The way forward on guns","Can Senate defeat lead to a gun-control victory?","Apr 22 2013","http://www.washingtonpost.com/opinions/ej-dionne-the-way-forward-on-guns/2013/04/21/ab74052a-a923-11e2-8302-3c7e0ea97057_story.html"
"guns","Wall Street Journal (News)","Center","Gun Vote Expected in Senate","Senate lawmakers were expected to vote Thursday on whether to bring a gun bill to the floor of the chamber following a bipartisan deal reached a day earlier to expand background checks for firearms sales.","Apr 11 2013","http://online.wsj.com/article/SB10001424127887324695104578416410882826162.html?mod=WSJ_hps_LEFTTopStories"
"guns","ABC News (Online)","Lean Left","Obama Goes For The Guns","President Obama takes his push to reduce gun violence on the road to Minneapolis today, ABCs Mary Bruce notes.","Feb 04 2013","http://abcnews.go.com/blogs/politics/2013/02/obama-goes-for-the-guns-the-note/"
"guns","CBS News (Online)","Lean Left","House approves gun control bills expanding background checks","The House approved on two bills that would expand background checks on firearm sales, even though the legislation will likely stall in the Senate. These are the first significant gun control measures passed by the House since President Biden took office, after he promised to enact legislation strengthening background checks during the presidential campaign.","Mar 11 2021","https://www.cbsnews.com/news/gun-control-background-check-bills-house-vote-today-2021-03-11/"
"guns","Wall Street Journal (News)","Center","Senate to Move on Gun Control","Senate Democratic leaders expect a gun bill to move to the Senate floor that includes most of the proposals backed by President Barack Obama, with the notable exception of a ban on military-style, semiautomatic weapons, a top aide to Majority Leader Harry Reid of Nevada said.","Feb 04 2013","http://online.wsj.com/article/SB10001424127887324761004578282203882922738.html?mod=WSJ_Election_LEFTTopStories"
"guns","Washington Post","Lean Left","Gun legislation?s prospects improve","Senate negotiators once again close to bipartisan deal on background checks.","Apr 08 2013","http://www.washingtonpost.com/politics/gun-legislations-prospects-improve/2013/04/07/adea516e-9f92-11e2-9c03-6952ff305f35_story.html"
"guns","Wall Street Journal (News)","Center","Tragedy Shifts Gun Debate","The mass shooting in Connecticut appears to be reshaping the politics of gun control, with several ardent supporters of gun rights in Congress calling for steps to toughen the nation's weapons laws.","Dec 18 2012","http://online.wsj.com/article/SB10001424127887324677204578185741520502904.html?mod=WSJ_hps_LEFTTopStories"
"guns","Wall Street Journal (News)","Center","Senate to Move on Gun Control","Senate Democratic leaders expect a gun bill to move to the Senate floor that includes most of the proposals backed by President Barack Obama, with the notable exception of a ban on military-style, semiautomatic weapons, a top aide to Majority Leader Harry Reid of Nevada said.","Feb 04 2013","http://online.wsj.com/article/SB10001424127887324761004578282203882922738.html?mod=WSJ_hps_LEFTTopStories"
"guns","Wall Street Journal (News)","Center","The Gun Rights Consensus","The Wall Street Journal explores the real reasons the Senate trounced the Obama agenda.","Apr 19 2013","http://online.wsj.com/article/SB10001424127887324493704578430672176449846.html?mod=WSJ_Opinion_AboveLEFTTop"
"guns","Wall Street Journal (Opinion)","Lean Right","A Gun Ban That Misfired","What I saw as a prosecutor in Washington, D.C., makes me wary of strict firearms laws. (Jeffrey Scott Shapiro, a criminal prosecutor for the District of Columbia from 2007-09.)","Jan 17 2013","http://online.wsj.com/article/SB10001424127887324081704578235460300469292.html?mod=googlenews_wsj"
"guns","New York Times (News)","Lean Left","The States Confront Gun Violence","State lawmakers in Wyoming didnt need to hear President Obamas gun-control proposals on Wednesday in order to attack them. A week ago, before the White House had even decided what actions to take, Republicans introduced a bill in the Wyoming Legislature to block any federal limitation on firearms, such as an assault weapons ban.","Jan 18 2013","http://www.nytimes.com/2013/01/18/opinion/the-states-confront-gun-violence.html?ref=politics"
"guns","Wall Street Journal (News)","Center","Gun Plan to Test Lawmakers","President Barack Obama on Wednesday will start a push for the most sweeping changes to gun laws in nearly two decades, testing whether lawmakers, including powerful members of his own party, are willing to ban the most controversial weapons and toughen requirements for prospective owners.","Jan 16 2013","http://online.wsj.com/article/SB10001424127887323596204578243862880716162.html?mod=WSJ_hpp_LEFTTopStories"
"guns","Wall Street Journal (News)","Center","Gun Report Spurs Exits","A Justice Department watchdog cited a ""pattern of serious failures"" in the oversight of the botched Fast and Furious operation against gun traffickers, in a harsh report that contributed to the departure of two senior officials.","Sep 20 2012","http://online.wsj.com/article/SB10000872396390444620104578006290719533504.html?mod=WSJ_WSJ_US_News_5"
"guns","CNN (Online News)","Left","FBI Runs Record Number of Gun Background Checks in March","The FBI conducted approximately 4.7 million background checks for individuals purchasing firearms in last month, which is a 36% increase from the previous month. CNN reported Thursday that more than 2 million of those checks were for new gun purchases; while the amount of background checks doesn't directly indicate to gun sales, groups such as the National Shooting Sports Federation (NSSF)","Apr 01 2021","https://www.cnn.com/2021/04/01/business/gun-sales-march/index.html"
"guns","Fox News (Online News)","Lean Right","Democrats' public gun registry bill blasted as 'frightening,' ‘anti-police’","A Democratic-sponsored proposal to create a public gun registry poses some dangerous potential risks, including to Second Amendment rights, law enforcement officers are warning.","Feb 20 2021","https://www.foxnews.com/politics/democrat-gun-registry-police-concerns"
"guns","Wall Street Journal (News)","Center","White House Drops Call to Raise Guns Age Limit","President Donald Trump said he would wait for the courts to rule before acting on raising the minimum age for some gun purchases, putting off one of the more contentious gun safety measures he had backed after the latest U.S. school shooting.","Mar 12 2018","https://www.wsj.com/articles/white-house-unveils-proposals-on-guns-1520811900"
"guns","CNN (Online News)","Left","Marco Rubio Faces Tense Teen Town Hall on Gun Control","Senator Marco Rubio, facing high school students Wednesday night who survived the Parkland, Florida, shooting, defended his stance on gun rights -- while changing the conversation surrounding the issue.","Feb 22 2018","https://www.cnn.com/2018/02/22/politics/marco-rubio-gun-debate-cnn-town-hall/index.html"
"guns","BBC News","Center","3-D Printable Gun Designs: National Security Threat or Protected Free Speech?","After a five-year legal battle, a Texas-based company has posted blueprints for 3-D printable guns online, with President Trump tweeting that the move ""doesn't seem to make much sense"". Supporters argue that the the company is within its First Amendment rights, while dissenters say that the downloadable weapons pose a national security threat.","Jul 31 2018","https://www.bbc.com/news/technology-45018513"
"guns","CBS News (Online)","Lean Left","Biden calls on Congress to ban assault weapons and institute other gun restrictions","On the third anniversary of the Parkland school shooting, President Joe Biden called on Congress to pass stricter gun laws, including banning assault weapons. In a statement from the White House, Mr. Biden on Sunday asked Congress to pass laws requiring background checks on all gun sales, banning assault weapons and high-capacity magazines, and eliminating immunity for gun manufacturers.","Feb 15 2021","https://www.cbsnews.com/news/biden-urges-gun-law-reforms-on-parkland-shooting-anniversary/"
"guns","Washington Post","Lean Left","Why is American masculinity at the center of gun culture, but not the gun debate? By N","The 1966 University of Texas tower shooting, in which a gunman killed 17 people and wounded more than 30, is considered to be the first mass shooting of the modern era.","Jul 15 2019","https://www.washingtonpost.com/graphics/2019/national/guns-and-masculinity/?utm_term=.07cd9de0ded5"
"guns","ABC News (Online)","Lean Left","Child gun deaths lower in states with stricter gun laws","Children living in states with stricter gun laws have fewer gun-related deaths, according to a new study in Pediatrics. This was the first study to look at gun laws exclusively in relation to child deaths and it reveals an important association between the two.","Jul 17 2019","https://abcnews.go.com/Health/child-gun-deaths-lower-states-stricter-gun-laws/story?id=64388062&cid=clicksource_4380645_null_headlines_hed"
"economy","CNN (Online News)","Left","US Economy Adds 379,000 Jobs in February","U.S. employers added 379,000 jobs in February, the Bureau of Labor Statistics reported Friday. The unemployment rate changed from 6.3% to 6.2%, with 10 million people still classified as unemployed. Of the job gains, 355,000 came from the hospitality and leisure sector, including 286,000 from restaurants and bars. 86,000 and 61,000 jobs were lost in government and construction, respectively","Mar 05 2021","https://www.cnn.com/2021/03/05/economy/february-2021-jobs-report/index.html"
"economy","Washington Post","Lean Left","U.S. Economy Added 4.8 Million Jobs in June","The U.S. economy regained 4.8 million jobs in June as the jobless rate fell to 11.1%.","Jul 02 2020","https://www.washingtonpost.com/business/2020/07/02/june-2020-jobs-report/?arc404=true"
"economy","USA TODAY","Center","Economy Lost 701,000 Jobs in March","The U.S. economy lost 701,000 jobs in March as the COVID-19 coronavirus spread, shuttering many businesses and creating global economic panic. The unemployment rate also rose to 4.4% from 3.5% the month before; it's the first month the U.S. economy didn't add jobs since 2010.","Apr 03 2020","https://www.usatoday.com/story/money/2020/04/03/coronavirus-economy-loses-701-000-jobs-march-virus-spreads/5119265002/"
"economy","Wall Street Journal (News)","Center","Economy Added 136,000 Jobs in September","The 136,000 jobs added by the U.S. economy in September missed expectations, according to multiple reports. At 3.5 percent, unemployment is at its lowest rate since 1969.","Oct 04 2019","https://www.wsj.com/articles/u-s-september-nonfarm-payrolls-grew-steadily-11570192288?mod=hp_lead_pos1"
"economy","New York Times (News)","Lean Left","If the Economy Overheats, How Will We Know?","We asked some prominent participants in the Great Overheating Debate of 2021 to explain what inflationary trends they’re afraid of (or not, as the case may be).","Mar 24 2021","https://www.nytimes.com/2021/03/24/upshot/economy-inflation-overheating.html?action=click&module=Spotlight&pgtype=Homepage"
"economy","Wall Street Journal (Opinion)","Lean Right","Reopening the Economy, at Last","At long last our political leaders are considering how they can reopen the American economy they put into a destructive coma. Let’s hope this overdue process doesn’t devolve into another fight between governors and President Trump that will confuse Americans and slow the return to normal economic life.","Apr 19 2020","https://www.wsj.com/articles/reopening-the-economy-at-last-11586819390"
"economy","Wall Street Journal (Opinion)","Lean Right","It’s Trump’s Economy Now","Liberals want to keep crediting Obama—never mind their own 2016 predictions of disaster.","Jun 13 2018","https://www.wsj.com/articles/its-trumps-economy-now-1528411719"
"economy","Wall Street Journal (News)","Center","U.S. Economy Added 379,000 Jobs in February","Hiring accelerated sharply in February as restaurants and other hospitality businesses reopened, adding 379,000 to U.S. payrolls and fueling renewed growth as the coronavirus pandemic eases.","Mar 05 2021","https://www.wsj.com/articles/february-jobs-report-unemployment-rate-2021-11614909553?mod=hp_lead_pos1"
"economy","CNN (Online News)","Left","What the economy means for 2016","Democrats suddenly have a good problem on their hands — an economy that is roaring back.","Mar 10 2015","http://www.cnn.com/2015/03/06/politics/democrats-economy-2016/index.html"
"economy","Wall Street Journal (News)","Center","Fed Boosts View of Economy","The Federal Reserve said it would scale back its purchases of mortgage and Treasury bonds to $25 billion monthly and delivered a modestly more upbeat assessment of inflation, jobs and the economy, hours after a stronger-than-expected U.S. growth report.","Jul 30 2014","http://online.wsj.com/articles/fed-boosts-economic-outlook-1406743735"
"economy","CNN (Online News)","Left","Is it always the economy, stupid?","There will be plenty of legacy items by which to judge President Barack Obama.\nObamacare, for instance: Whether the new law that seeks health insurance for every American is a prudent piece of policy or an albatross of government overreach is a matter of opinion. How about drawing down the wars in Iraq and Afghanistan? What about his efforts to police suspected terrorists abroad through the","Dec 08 2013","http://www.cnn.com/2013/12/06/politics/obama-economy/index.html?hpt=po_c1"
"economy","Wall Street Journal (News)","Center","U.S. Economy Grew at a Record 33.1% Annual Rate in Third Quarter","The U.S. economy experienced record growth in the third quarter as the gross domestic product (GDP) rebounded at a 33.1% annualized rate.","Oct 29 2020","https://www.wsj.com/articles/us-gdp-third-quarter-2020-11603908566?mod=hp_lead_pos1"
"economy","CNN (Online News)","Left","Why reopening economies will be a 'massive experiment'","As the United States begins to reopen its economy, debates rage world-wide about how to balance economic hardship with a public health hazard.","May 14 2020","https://www.cnn.com/2020/05/12/economy/el-erian-reopening-economy-experiment/index.html"
"economy","Fox News (Online News)","Lean Right","Economy Adds 130,000 Jobs in August, Unemployment at 3.7%","The United States economy added 130,000 jobs last month, reportedly falling short of the 150,000-160,000 jobs expected, but also maintained a historically low unemployment rate of 3.7%.","Sep 06 2019","https://www.foxbusiness.com/economy/august-jobs-report-2019"
"economy","Washington Post","Lean Left","May Jobs Report Sparks Debate on Who Deserves Credit for Strong Economy","With the recent release of the May jobs report which showed further economic expansion, perspectives vary on who deserves the credit. Some on the Left argue that President Trump inherited a strong economy from former President Obama, while some on the Right say that Trump's success is evident in that he has repealed most of Obama's economic policies.","Jun 13 2018","https://www.washingtonpost.com/news/posteverything/wp/2018/06/11/how-trend-riding-trump-is-taking-credit-for-the-economy-he-inherited/"
"economy","Wall Street Journal (News)","Center","U.S. Added 916,000 Jobs in March as Economy Recovers","Hiring accelerated in March as employers added 916,000 jobs, the Labor Department said Friday, the biggest gain since August. The unemployment rate fell to 6.0%.","Apr 02 2021","https://www.wsj.com/articles/march-jobs-report-unemployment-rate-2021-11617314225?mod=hp_lead_pos1"
"economy","New York Times (News)","Lean Left","Biden Team Prepares $3 Trillion in New Spending for the Economy","President Biden’s economic advisers are pulling together a sweeping $3 trillion package to boost the economy, reduce carbon emissions and narrow economic inequality, beginning with a giant infrastructure plan that may be financed in part through tax increases on corporations and the rich.","Mar 22 2021","https://www.nytimes.com/2021/03/22/business/biden-infrastructure-spending.html"
"economy","New York Times (News)","Lean Left","Biden Team Preparing Up to $3 Trillion in New Spending for the Economy","President Biden’s economic advisers are preparing to recommend spending as much as $3 trillion on a sweeping set of efforts aimed at boosting the economy, reducing carbon emissions and narrowing economic inequality, beginning with a giant infrastructure plan that may be financed in part through tax increases on corporations and the rich.","Mar 22 2021","https://www.nytimes.com/2021/03/22/business/biden-infrastructure-spending.html"
"economy","BBC News","Center","US economy to grow faster than forecast, says Federal Reserve","The US central bank expects much stronger growth this year than previously forecast, as vaccination rates rise and government relief funds start flowing into the economy.","Mar 18 2021","https://www.bbc.com/news/business-56434910"
"economy","Wall Street Journal (News)","Center","OPINION: Democrats Say the Economy Stinks","The end of a two-term Presidency is typically a time for taking credit, celebrating achievements and promising to continue successful policies. So what happened to the Obama Democrats?","Oct 14 2015","http://www.wsj.com/articles/democrats-say-the-economy-stinks-1444863161"
"economy","Fox News (Online News)","Lean Right","Good Bush economy attacked, bad Obama economy ignored by media","Twenty-three million people unemployed or underemployed, a $16-trillion debt and repeated trillion-dollar deficits.","Nov 01 2012","http://www.foxnews.com/opinion/2012/10/31/good-bush-economy-attacked-bad-obama-economy-ignored-by-media/"
"economy","Wall Street Journal (News)","Center","U.S. Companies Warn of Slowing Economy","Quarterly profits and revenue at big American companies are poised to decline for the first time since the recession, as some industrial firms warn of a pullback in spending.","Oct 26 2015","http://www.wsj.com/articles/u-s-companies-warn-of-slowing-economy-1445818298"
"economy","CNN (Online News)","Left","US economy grows incredible 5%","Evidence is mounting that the U.S. economy is kicking into high gear.\nGross domestic product soared 5% on an annual basis in the third quarter, the government said on Tuesday.\nTo put that in perspective, it's the strongest quarter of growth since 2003.\n""Other than the first quarter's weather-induced contraction, there's no doubt the economy has been great this year,"" said Dan Greenhaus, chief","Dec 23 2014","http://money.cnn.com/2014/12/23/news/economy/us-gdp-economy-5-percent-growth/index.html?iid=Lead&hpt=po_c2"
"economy","Washington Post","Lean Left","OPINION: Why the world economy sputters","It’s become a dreary ritual: Every six months, the International Monetary Fund (IMF) forecasts the global economy — and cuts its previous forecast. Despite an army of economists, all of its forecasts since 2011 have been too optimistic. The latest, released last week, shaved 0.4 percentage points off the growth estimate made in April. The world economy is now expected to expand only 3.3","Oct 13 2014","http://www.washingtonpost.com/opinions/robert-samuelson-the-three-reasons-the-world-economy-sputters/2014/10/12/aa7a74b4-50a8-11e4-8c24-487e92bc997b_story.html?hpid=z2"
"economy","Wall Street Journal (News)","Center","ECB Unveils Stimulus to Boost Economy","The European Central Bank said Thursday it plans to purchase over €1 trillion ($1.157 trillion) in public and private sector bonds by the fall of 2016, a landmark decision aimed at combating stagnation and ultralow inflation in a region that has emerged as a top risk to the global economic recovery.","Jan 22 2015","http://www.wsj.com/articles/ecb-announces-stimulus-plan-1421931011?mod=WSJ_hpp_LEFTTopStories"
"economy","CNN (Online News)","Left","Who cares about the economy? You","John Sutter asked CNNs readers and viewers to pick the five social-justice topics he'll cover for the rest of the year.","Jun 13 2013","http://www.cnn.com/2013/06/13/opinion/sutter-ctl-vote-update/index.html?hpt=op_t1"
"economy","Wall Street Journal (News)","Center","Economy Adds 155,000 Jobs","U.S. job growth slowed slightly in December, showing that the economy muddled along as Congress fought over tax increases and spending cuts.","Jan 04 2013","http://online.wsj.com/article/SB10001424127887324374004578221291910741394.html?mod=WSJ_hpp_LEFTTopStories"
"economy","New York Times (News)","Lean Left","Is the Economy Saving Obama's Approval Ratings?","Political coverage over the last week has focused on a series of stories that reflect negatively on the executive branch, but President Obama's approval ratings have held steady.","May 22 2013","http://fivethirtyeight.blogs.nytimes.com/2013/05/21/is-the-economy-saving-obamas-approval-ratings/"
"economy","Wall Street Journal (News)","Center","Economy Adds 88,000 Jobs","The U.S. economy added 88000 jobs last month fewer than the 200000 economists were predicting. The unemployment rate fell to 7.6 as more people dropped out of the work force.","Apr 05 2013","http://online.wsj.com/article/SB10001424127887324600704578404271558802706.html?mod=WSJ_Home_largeHeadline"
"economy","Wall Street Journal (News)","Center","Economy Adds 146,000 Jobs","U.S. job growth picked up in November and the unemployment rate fell as the labor market shrugged off superstorm Sandy, the latest sign of a steady economic recovery.","Dec 07 2012","http://online.wsj.com/article/SB10001424127887324640104578164981319314860.html?mod=WSJ_hps_LEFTTopStories"
"economy","Wall Street Journal (News)","Center","Beige Book: U.S. Economy Expanding","The U.S. economy expanded at a moderate pace in June and early July but the jobs market showed only ""tepid"" gains, the Federal Reserve said in a report released Wednesday.","Jul 18 2012","http://online.wsj.com/article/SB10000872396390444464304577535060055191718.html?mod=WSJ_WSJ_US_News_5"
"economy","CNN (Online News)","Left","Fed forecast: Weaker economy ahead","Federal Reserve Chairman Ben Bernanke certainly left the option on the table Wednesday, making perfectly clear that he stands ready to do more should the U.S. economy take a turn for the worse.","Jun 20 2012","http://money.cnn.com/2012/06/20/news/economy/bernanke-press-conference/"
"economy","NPR (Online News)","Center","Will Economy Push Washington To Make A Deal?","The Obama administration is searching for a ""sweet spot"" in economic policy: measures that could increase job growth right now without worsening the federal deficit. That task gained new urgency this month when the Labor Department reported a sharp slowdown in job growth in May.","Jun 08 2012","http://www.npr.org/2012/06/08/154530510/will-economy-push-washington-to-make-a-deal"
"economy","Wall Street Journal (News)","Center","As Woes Accumulate, Economy Looms Larger for Trump’s Campaign","As grim news and bad indicators pile up elsewhere for President Trump’s re-election effort, his promise to lead an economic rebound is growing in importance.","Jul 18 2020","https://www.wsj.com/articles/as-woes-accumulate-economy-looms-larger-for-trumps-campaign-11595044861"
"economy","Wall Street Journal (News)","Center","U.S. Economy Shrank in 2020 Despite Fourth-Quarter Growth","The U.S. economy grew steadily in the fourth quarter of 2020 and is forecast to continue recovering this year from the effects of the pandemic.","Jan 28 2021","https://www.wsj.com/articles/us-gdp-economic-growth-fourth-quarter-2020-11611802382?mod=hp_lead_pos1"
"economy","Breitbart News","Right","Authors: Antifa Rioters Are the Tech Economy’s College Discards","The black-clothed Antifa activists who are leading the anti-police riots are mostly the discarded, angry college-grade workforce of an increasingly high-tech, globalized economy, say a variety of experts and millennials.","Jun 08 2020","https://www.breitbart.com/politics/2020/06/06/authors-antifa-rioters-are-the-tech-economys-college-discards/?"
"economy","NPR (Online News)","Center","Senators Clash Over How Soon To Reopen The Economy","Members of the Senate Banking Committee squabbled Tuesday over how quickly the U.S. economy can rebound from the coronavirus shutdown and whether the federal government is doing enough to support struggling families and businesses in the meantime.","May 21 2020","https://www.npr.org/2020/05/19/858769887/senators-clash-over-how-soon-to-reopen-the-economy"
"economy","Wall Street Journal (News)","Center","Steven Mnuchin Is Trying to Rescue the Economy From the Coronavirus","Treasury secretary’s ability to keep the president’s trust while working with those outside the administration is expected to be crucial.","Mar 31 2020","https://www.wsj.com/articles/steven-mnuchin-is-trying-to-rescue-the-economy-from-the-coronavirus-11585654202"
"economy","Washington Post","Lean Left","It was the worst week for the economy in decades. The pain is just beginning.","‘It’s making me go into a depression,’ said LaTonua Bowens, a laid-off cook. ‘I’m worried if I’m going to still have a job.’","Mar 27 2020","https://www.washingtonpost.com/business/2020/03/26/it-was-worst-week-economy-decades-pain-is-just-beginning/"
"economy","ABC News (Online)","Lean Left","How businesses are adapting to a coronavirus pandemic economy","In just a few weeks, the novel coronavirus outbreak has changed the way thousands of companies operate in an unprecedented manner. As business owners and employees navigate the new normal, here are some of the ways they have adapted to stay operating amid a global pandemic.","Mar 30 2020","https://abcnews.go.com/Business/businesses-adapting-coronavirus-pandemic-economy/story?id=69748107&cid=clicksource_4380645_2_takeover_2_headlines_hed"
"economy","New York Times (Opinion)","Left","The Year We Were Asked to Pick: Your Economy or Your Life","The end of the year has been awkward for Gov. Andrew Cuomo. As he promotes his new, self-congratulatory book about navigating New York through its first coronavirus wave of in the spring, he is also battling a new surge of cases.","Dec 29 2020","https://www.nytimes.com/2020/12/29/opinion/new-york-covid-economy.html?action=click&module=Opinion&pgtype=Homepage"
"economy","New York Times (News)","Lean Left","Red and Blue Economies Are Heading in Sharply Different Directions","On the surface, there seems to be parity between Democratic-leaning and Republican-leaning metro areas, but take a closer look.","Nov 13 2019","https://www.nytimes.com/2019/11/13/upshot/red-blue-diverging-economies.html?action=click&module=Top%20Stories&pgtype=Homepage"
"economy","Wall Street Journal (News)","Center","U.S. Economy Added 136,000 Jobs in September","U.S. employers added jobs at a steady pace last month, and the unemployment rate hit a 50-year low, signaling the labor market continues to provide opportunities for Americans in search of work despite a broader economic slowdown.","Oct 04 2019","https://www.wsj.com/articles/u-s-september-nonfarm-payrolls-grew-steadily-11570192288?mod=hp_lead_pos1"
"economy","CNN (Online News)","Left","US economy adds 224,000 jobs in June","The US economy added 224,000 jobs in June, a strong comeback for the labor market after a disappointing May.","Jul 05 2019","https://www.cnn.com/2019/07/05/economy/june-jobs-report/index.html"
"economy","New York Times (News)","Lean Left","For the Chao Family, Deep Ties to the World’s 2 Largest Economies","The family of Elaine Chao, the transportation secretary and wife of Mitch McConnell, the Senate majority leader, has high-level political connections not only in the United States but also in China. That gives the family unusual status in the world’s two largest economies.","Jun 03 2019","https://www.nytimes.com/2019/06/02/us/politics/transportation-secretary-elaine-chao.html?action=click&module=Top%20Stories&pgtype=Homepage"
"economy","New York Times (News)","Lean Left","U.S. Economy Grew at 3.2% Rate in First Quarter","The report indicates that the 10-year recovery retains momentum, despite recent fears that the year was off to a slow start.","Apr 26 2019","https://www.nytimes.com/2019/04/26/business/economy/gdp-economy.html?action=click&module=Top%20Stories&pgtype=Homepage"
"economy","New York Times (News)","Lean Left","Trump Owns the Economy Now, for Better or Worse","President Trump is getting exactly what he wants on the economy, just as it starts to slow down.","Mar 28 2019","https://www.nytimes.com/2019/03/28/us/politics/us-economy-trump.html?action=click&module=Top%20Stories&pgtype=Homepage"
"economy","CNN (Online News)","Left","4 ways Trump's tax cuts changed the American economy","Monday is the first Tax Day under the new rules of the Tax Cuts and Jobs Act, but Americans have been adapting to the law since it passed in late 2017.","Apr 15 2019","https://www.cnn.com/2019/04/15/economy/trump-tax-cuts-impact-economy/index.html"
"economy","Wall Street Journal (News)","Center","U.S. Economy Grew 2.6% in the Fourth Quarter","Consumer spending pulled back from the third quarter.","Feb 28 2019","https://www.wsj.com/articles/u-s-economy-grew-2-6-in-the-fourth-quarter-11551360960?mod=hp_lead_pos4"
"economy","Fox News (Online News)","Lean Right","Retailers brace as COVID-19 bears down on consumers and economy","LaTonya Story is every retailer’s worst fear.","Nov 21 2020","https://www.foxbusiness.com/economy/retailers-brace-as-virus-bears-down-on-consumers-and-economy"
"economy","New York Times (News)","Lean Left","Turbulent Stock Market Is Flashing a Warning About the Economy","Unemployment is near lows not seen in half a century. The American economy is set for its best year since 2005. Large corporations are producing giant profits. Even wages are starting to rise.","Nov 21 2018","https://www.nytimes.com/2018/11/20/business/stock-market-drop-economy.html?action=click&module=Top%20Stories&pgtype=Homepage"
